Order_ID,Distance_km,Weather,Traffic_Level,Time_of_Day,Vehicle_Type,Preparation_Time_min,Courier_Experience_yrs,Delivery_Time_min
158,15.35,Foggy,Low,Morning,Car,5,3.0,56
341,10.09,Clear,Medium,Evening,Bike,7,0.0,49
530,17.36,Rainy,High,Afternoon,Bike,24,1.0,105
595,17.99,Snowy,Low,Afternoon,Bike,15,3.0,63
522,7.93,Windy,Low,Afternoon,Scooter,12,1.0,43
903,4.04,Snowy,Low,Night,Bike,11,9.0,70
16,4.08,Windy,Medium,Afternoon,Bike,7,0.0,33
45,5.55,Foggy,High,Evening,Bike,18,1.0,116
133,2.84,Clear,Medium,Night,Scooter,28,1.0,44
894,8.25,Clear,Medium,Afternoon,Bike,7,9.0,28
981,7.02,Clear,Medium,Evening,Car,23,2.0,53
867,3.53,Clear,Medium,Afternoon,Bike,13,7.0,31
160,14.7,Clear,Medium,Morning,Scooter,6,2.0,58
173,10.49,Rainy,Low,Morning,Bike,28,9.0,66
644,6.89,Rainy,Medium,Afternoon,Bike,11,6.0,43
259,11.62,Clear,Low,Afternoon,Bike,9,8.0,33
991,16.09,Snowy,Low,Morning,Car,13,6.0,69
512,8.66,Snowy,High,Morning,Bike,29,3.0,77
555,17.59,Clear,Low,Morning,Bike,24,6.0,69
963,5.28,Foggy,Low,Morning,Bike,27,6.0,53
229,17.89,Windy,Low,Unknown,Bike,27,1.0,101
739,9.06,Clear,High,Evening,Bike,26,3.0,61
921,17.44,Unknown,Low,Night,Car,23,0.0,85
845,3.4,Windy,Medium,Morning,Bike,11,6.0,30
219,13.17,Rainy,High,Evening,Scooter,17,8.0,69
203,3.65,Clear,Medium,Morning,Bike,29,9.0,46
911,12.01,Clear,Low,Morning,Car,5,7.0,42
976,5.61,Windy,Low,Night,Bike,25,9.0,48
384,17.61,Clear,Medium,Morning,Scooter,19,3.0,80
395,7.15,Clear,High,Night,Car,29,7.0,60
332,15.28,Snowy,Low,Evening,Bike,16,5.0,72
724,14.95,Clear,Medium,Morning,Bike,13,7.0,49
619,16.22,Rainy,High,Evening,Bike,22,0.0,102
124,2.65,Unknown,Medium,Afternoon,Car,14,4.0,35
356,13.03,Foggy,Low,Morning,Scooter,9,1.0,50
167,6.76,Foggy,Medium,Night,Bike,7,6.0,42
106,5.36,Clear,Low,Afternoon,Scooter,11,4.0,30
622,4.58,Clear,High,Morning,Scooter,22,9.0,45
584,6.91,Clear,Medium,Evening,Scooter,28,9.0,56
44,18.23,Rainy,Low,Afternoon,Scooter,27,9.0,86
58,4.32,Unknown,Medium,Morning,Bike,17,4.0,36
856,4.22,Clear,Medium,Morning,Bike,16,7.0,35
793,10.36,Rainy,Medium,Afternoon,Bike,7,8.0,39
713,9.7,Snowy,Low,Evening,Bike,6,,45
233,11.75,Clear,High,Morning,Bike,9,2.0,55
154,10.04,Rainy,High,Afternoon,Bike,12,9.0,59
91,2.83,Windy,Medium,Afternoon,Scooter,14,6.0,28
37,6.44,Clear,Low,Afternoon,Car,18,2.0,43
655,8.92,Clear,Medium,Unknown,Bike,10,1.0,51
849,10.29,Foggy,Medium,Evening,Scooter,25,4.0,67
3,14.77,Unknown,High,Morning,Scooter,11,6.0,67
471,0.74,Rainy,Low,Morning,Car,13,4.0,21
678,8.26,Clear,Low,Unknown,Car,21,4.0,80
598,3.86,Clear,Medium,Afternoon,Bike,21,8.0,34
736,17.61,Foggy,Medium,Afternoon,Bike,9,5.0,74
573,8.23,Snowy,Low,Evening,Bike,17,3.0,56
451,15.65,Clear,Low,Afternoon,Bike,27,0.0,76
481,12.77,Foggy,Low,Morning,Bike,22,8.0,71
665,2.48,Windy,Medium,Afternoon,Car,14,6.0,27
492,12.59,Clear,Low,Evening,Scooter,10,2.0,39
502,10.95,Clear,Medium,Evening,Scooter,24,4.0,55
784,7.24,Rainy,Medium,Evening,Bike,28,6.0,65
355,1.88,Clear,Medium,Morning,Scooter,24,7.0,35
980,12.14,Foggy,High,Afternoon,Bike,12,0.0,65
243,18.34,Snowy,Medium,Afternoon,Scooter,22,,91
432,15.35,Rainy,High,Night,Scooter,23,9.0,80
134,7.08,Clear,Medium,Afternoon,Scooter,5,8.0,27
686,11.36,Foggy,Low,Afternoon,Bike,6,4.0,47
210,3.64,Windy,High,Evening,Bike,17,6.0,40
885,16.1,Clear,Low,Evening,Bike,25,0.0,64
482,14.07,Clear,High,Afternoon,Bike,5,8.0,67
79,7.49,Clear,Unknown,Morning,Scooter,13,9.0,45
30,1.41,Foggy,Medium,Evening,Bike,15,0.0,72
99,1.0,Snowy,Medium,Morning,Bike,25,4.0,44
126,8.83,Unknown,Medium,Evening,Scooter,12,3.0,109
228,8.17,Clear,Medium,Afternoon,Scooter,20,9.0,44
370,1.85,Clear,Medium,Evening,Bike,10,1.0,24
23,6.2,Windy,High,Evening,Scooter,7,3.0,42
982,15.53,Foggy,Low,Evening,Bike,26,7.0,68
404,16.62,Snowy,Low,Afternoon,Bike,26,8.0,94
153,3.33,Unknown,Medium,Evening,Scooter,24,2.0,44
140,19.45,Rainy,High,Morning,Scooter,20,6.0,108
113,18.63,Clear,Low,Evening,Bike,26,8.0,75
323,13.37,Foggy,Medium,Evening,Scooter,16,9.0,71
47,6.58,Clear,Low,Afternoon,Bike,13,1.0,34
275,10.47,Clear,High,Evening,Scooter,14,7.0,55
8,17.39,Foggy,Medium,Morning,Bike,25,4.0,100
580,5.54,Rainy,Medium,Unknown,Scooter,28,9.0,51
291,1.09,Clear,Medium,Morning,Scooter,6,2.0,17
821,16.16,Clear,High,Afternoon,Bike,11,1.0,82
631,14.41,Snowy,Medium,Evening,Bike,8,8.0,75
874,8.47,Foggy,Medium,Evening,Bike,24,0.0,68
436,14.17,Clear,Low,Afternoon,Bike,8,0.0,55
509,19.02,Rainy,High,Evening,Scooter,22,1.0,106
197,14.66,Windy,Medium,Unknown,Bike,20,2.0,77
791,3.49,Clear,Medium,Morning,Bike,17,2.0,38
857,1.21,Snowy,Low,Afternoon,Bike,22,1.0,39
534,11.33,Unknown,Low,Morning,Bike,25,3.0,60
216,5.13,Clear,Low,Morning,Car,15,4.0,30
453,8.77,Foggy,Medium,Evening,Car,14,7.0,49
321,11.21,Clear,High,Afternoon,Scooter,23,1.0,76
863,10.73,Clear,Unknown,Afternoon,Bike,7,5.0,57
562,4.65,Clear,Medium,Evening,Bike,21,1.0,46
861,15.62,Snowy,High,Evening,Scooter,26,2.0,81
478,11.3,Snowy,Medium,Afternoon,Bike,15,8.0,70
941,5.84,Clear,Unknown,Evening,Bike,21,7.0,35
415,12.82,Rainy,Medium,Evening,Bike,28,9.0,72
529,1.6,Foggy,Low,Night,Scooter,24,,37
339,9.75,Clear,Low,Afternoon,Bike,22,7.0,50
513,18.69,Windy,Medium,Night,Bike,23,9.0,74
161,7.67,Foggy,Medium,Afternoon,Scooter,22,8.0,59
588,3.01,Clear,Medium,Evening,Bike,14,4.0,26
716,18.63,Windy,Low,Afternoon,Bike,11,5.0,85
984,1.97,Clear,High,Morning,Car,28,7.0,43
887,13.23,Clear,Medium,Night,Bike,20,8.0,70
987,13.92,Snowy,Low,Morning,Scooter,18,4.0,70
751,2.78,Rainy,Low,Unknown,Bike,21,4.0,37
454,18.17,Rainy,Low,Afternoon,Car,13,0.0,71
319,3.55,Clear,Medium,Evening,Bike,23,0.0,43
202,2.14,Clear,Low,Afternoon,Bike,25,1.0,36
246,18.6,Rainy,Medium,Morning,Car,28,9.0,77
571,10.52,Rainy,Medium,Afternoon,Scooter,8,4.0,56
658,7.58,Clear,High,Afternoon,Scooter,19,9.0,57
566,12.0,Clear,Low,Evening,Car,25,0.0,75
80,2.76,Windy,Medium,Night,Bike,6,2.0,27
118,4.14,Foggy,Medium,Morning,Bike,21,0.0,46
939,2.8,Clear,High,Morning,Scooter,10,,33
553,11.26,Foggy,High,Afternoon,Bike,14,2.0,70
593,4.05,Clear,Medium,Afternoon,Scooter,21,5.0,39
808,18.55,Clear,Low,Afternoon,Car,11,9.0,69
387,6.0,Snowy,Low,Morning,Car,20,8.0,53
2,19.04,Rainy,Low,Evening,Car,12,6.0,60
59,1.38,Clear,Medium,Morning,Car,6,3.0,17
409,18.15,Rainy,High,Morning,Bike,22,7.0,108
583,10.11,Rainy,Unknown,Afternoon,Scooter,23,2.0,63
505,13.85,Clear,Low,Evening,Bike,29,5.0,71
96,10.13,Clear,Medium,Evening,Bike,22,0.0,65
772,17.01,Snowy,Low,Night,Bike,28,6.0,97
240,3.95,Clear,Low,Afternoon,Bike,13,5.0,25
310,5.78,Foggy,Low,Afternoon,Scooter,9,9.0,33
34,19.0,Clear,High,Morning,Car,28,3.0,96
535,15.5,Clear,Medium,Morning,Scooter,28,9.0,91
846,8.59,Clear,Low,Evening,Bike,22,2.0,43
654,15.04,Clear,Low,Morning,Car,24,5.0,60
798,11.52,Unknown,Medium,Morning,Scooter,25,2.0,58
970,9.78,Clear,Medium,Afternoon,Bike,18,3.0,58
585,12.85,Windy,Medium,Afternoon,Scooter,18,7.0,61
650,10.22,Snowy,Medium,Night,Bike,18,1.0,68
853,4.59,Foggy,Low,Evening,Scooter,19,8.0,36
643,4.62,Rainy,Medium,Afternoon,Car,8,3.0,33
309,16.01,Clear,Low,Afternoon,Car,12,4.0,72
715,7.3,Clear,Low,Night,Scooter,14,7.0,28
591,3.21,Rainy,High,Night,Scooter,16,0.0,42
699,3.51,Windy,Medium,Night,Bike,22,2.0,44
803,11.74,Clear,High,Evening,Car,6,3.0,54
426,11.22,Windy,High,Evening,Bike,25,5.0,79
700,9.88,Rainy,Medium,Morning,Car,7,0.0,43
685,18.62,Clear,Low,Evening,Scooter,27,6.0,75
732,16.38,Rainy,Medium,Night,Bike,7,,90
487,1.39,Clear,Medium,Afternoon,Bike,15,4.0,24
608,7.6,Foggy,Low,Morning,Bike,16,4.0,48
138,14.21,Clear,Medium,Evening,Bike,24,,58
615,17.53,Clear,Low,Afternoon,Bike,14,6.0,79
411,6.73,Clear,Medium,Afternoon,Bike,21,1.0,54
691,6.81,Clear,Medium,Evening,Bike,23,2.0,47
282,7.09,Snowy,Low,Morning,Scooter,13,8.0,37
215,14.39,Rainy,Medium,Morning,Scooter,6,,50
952,13.47,Clear,Medium,Evening,Bike,19,4.0,59
837,18.34,Clear,High,Night,Bike,9,4.0,92
176,3.9,Rainy,High,Morning,Car,25,9.0,54
611,1.27,Foggy,High,Afternoon,Bike,25,9.0,46
940,11.74,Clear,Low,Afternoon,Car,20,1.0,52
633,10.48,Rainy,Low,Afternoon,Car,10,7.0,45
237,5.98,Foggy,High,Morning,Bike,14,6.0,44
107,8.5,Clear,High,Evening,Car,13,3.0,54
773,2.99,Foggy,High,Afternoon,Bike,9,5.0,90
869,17.3,Clear,Low,Evening,Scooter,9,0.0,67
56,18.48,Clear,Medium,Night,Bike,8,0.0,82
463,15.05,Clear,Medium,Evening,Car,12,2.0,66
662,19.74,Rainy,High,Afternoon,Scooter,11,7.0,81
710,13.79,Rainy,Low,Night,Scooter,11,0.0,69
682,5.53,Windy,High,Morning,Bike,23,4.0,59
52,15.62,Rainy,Medium,Afternoon,Scooter,23,7.0,78
843,3.97,Clear,High,Afternoon,Bike,19,8.0,40
438,16.53,Snowy,Low,Afternoon,Scooter,24,9.0,99
190,5.22,Snowy,Medium,Unknown,Scooter,14,3.0,43
376,6.72,Foggy,Low,Evening,Bike,8,5.0,31
973,14.79,Clear,Medium,Morning,Scooter,12,9.0,64
437,1.92,Clear,Low,Unknown,Bike,8,7.0,14
858,9.71,Clear,Low,Afternoon,Car,27,5.0,61
455,2.67,Clear,Medium,Night,Car,17,6.0,28
890,5.24,Windy,High,Afternoon,Scooter,26,8.0,51
434,2.47,Rainy,Low,Afternoon,Car,22,6.0,34
733,13.47,Rainy,Low,Afternoon,Scooter,7,6.0,46
85,6.56,Windy,Medium,Unknown,Bike,14,1.0,47
116,17.49,Rainy,Low,Evening,Bike,27,9.0,97
652,10.97,Clear,Low,Afternoon,Scooter,27,3.0,51
954,18.33,Snowy,Medium,Morning,Scooter,5,5.0,67
435,2.14,Clear,High,Evening,Bike,18,3.0,34
358,11.92,Clear,Low,Afternoon,Scooter,14,4.0,46
898,17.98,Clear,Low,Evening,Bike,5,8.0,45
77,15.54,Clear,Low,Night,Bike,29,1.0,76
971,13.44,Clear,Low,Night,Bike,29,0.0,63
172,0.82,Windy,Low,Morning,Car,18,9.0,23
967,14.52,Clear,Medium,Afternoon,Car,26,5.0,86
559,15.23,Foggy,Low,Morning,Car,6,0.0,52
775,16.05,Snowy,Medium,Evening,Bike,11,2.0,89
230,12.81,Clear,Low,Morning,Bike,12,2.0,51
866,11.41,Windy,Medium,Afternoon,Scooter,17,4.0,68
414,11.68,Clear,Unknown,Afternoon,Scooter,25,7.0,70
382,14.09,Clear,High,Afternoon,Bike,12,6.0,67
807,18.72,Rainy,Medium,Afternoon,Bike,17,0.0,89
137,10.62,Foggy,Low,Evening,Scooter,29,1.0,73
746,18.04,Clear,Medium,Morning,Bike,8,5.0,71
472,19.41,Snowy,High,Evening,Car,21,3.0,100
536,18.92,Clear,High,Morning,Scooter,27,4.0,100
305,14.66,Snowy,High,Morning,Car,5,6.0,71
828,7.27,Windy,Low,Afternoon,Bike,10,5.0,35
433,12.56,Clear,High,Evening,Bike,17,5.0,69
253,17.1,Clear,Medium,Evening,Bike,25,5.0,65
147,12.39,Snowy,Medium,Evening,Bike,14,8.0,56
745,5.03,Clear,Medium,Morning,Bike,17,,38
328,12.43,Snowy,Low,Afternoon,Car,12,0.0,70
693,10.4,Clear,Low,Evening,Bike,16,4.0,52
557,3.11,Rainy,Medium,Morning,Scooter,21,1.0,43
840,12.83,Clear,Low,Evening,Bike,5,8.0,50
298,4.71,Clear,Low,Morning,Bike,20,6.0,31
86,6.84,Clear,Medium,Evening,Bike,25,1.0,51
742,6.38,Snowy,Low,Evening,Bike,16,1.0,111
225,5.67,Clear,Low,Morning,Scooter,11,9.0,27
285,11.78,Clear,Low,Afternoon,Scooter,26,3.0,71
148,10.3,Rainy,Low,Evening,Bike,29,0.0,73
196,7.31,Foggy,Medium,Afternoon,Bike,26,2.0,65
740,7.85,Clear,Low,Afternoon,Scooter,7,9.0,34
799,14.08,Clear,High,Morning,Bike,28,6.0,66
334,2.76,Windy,Medium,Morning,Scooter,8,5.0,22
42,10.16,Snowy,Medium,Night,Bike,10,1.0,67
986,10.16,Clear,High,Night,Bike,12,5.0,52
688,5.96,Clear,Medium,Afternoon,Bike,22,7.0,45
204,18.02,Clear,Unknown,Evening,Car,12,3.0,77
560,12.6,Windy,Medium,Afternoon,Car,8,6.0,58
383,12.76,Windy,High,Morning,Scooter,27,,74
425,1.62,Windy,Low,Evening,Bike,9,8.0,16
399,15.14,Rainy,Medium,Morning,Bike,8,6.0,66
531,16.35,Clear,Medium,Morning,Bike,16,0.0,66
93,15.34,Rainy,Low,Afternoon,Bike,18,6.0,54
612,16.09,Rainy,Low,Morning,Bike,21,8.0,66
563,3.16,Snowy,Low,Morning,Car,9,,27
97,10.69,Clear,Medium,Night,Bike,25,9.0,67
347,12.88,Clear,Medium,Morning,Scooter,8,5.0,52
66,11.08,Snowy,Medium,Morning,Bike,9,0.0,57
457,0.72,Rainy,Medium,Afternoon,Scooter,9,2.0,23
92,14.41,Rainy,Unknown,Night,Bike,16,6.0,85
789,9.51,Clear,High,Morning,Bike,26,9.0,63
84,1.74,Foggy,High,Afternoon,Scooter,8,9.0,28
231,16.0,Foggy,Medium,Afternoon,Scooter,13,3.0,65
325,19.12,Windy,High,Evening,Car,8,0.0,92
734,10.7,Clear,High,Afternoon,Car,8,4.0,57
805,8.77,Clear,Medium,Morning,Car,12,2.0,42
287,9.58,Clear,High,Afternoon,Car,26,8.0,60
586,5.18,Clear,Medium,Afternoon,Car,9,2.0,30
701,10.89,Windy,Medium,Evening,Bike,7,0.0,58
659,13.1,Clear,Low,Evening,Bike,28,2.0,72
690,4.15,Unknown,Medium,Morning,Car,17,8.0,46
763,5.35,Clear,Medium,Afternoon,Scooter,24,6.0,43
494,4.17,Unknown,Low,Evening,Scooter,5,1.0,22
14,4.64,Clear,Low,Afternoon,Bike,15,9.0,24
594,7.24,Clear,Medium,Afternoon,Bike,28,7.0,57
721,18.8,Clear,High,Afternoon,Bike,23,7.0,95
407,8.09,Foggy,Low,Evening,Car,22,2.0,56
417,6.22,Clear,Low,Afternoon,Bike,16,9.0,29
892,17.19,Clear,Medium,Afternoon,Bike,11,8.0,76
974,4.69,Rainy,Medium,Evening,Scooter,12,7.0,36
812,16.86,Snowy,Medium,Afternoon,Car,13,4.0,88
719,2.92,Windy,High,Afternoon,Bike,24,4.0,48
292,1.23,Clear,Low,Evening,Bike,18,6.0,21
74,16.4,Clear,High,Morning,Scooter,12,2.0,70
337,17.18,Clear,Medium,Night,Scooter,13,1.0,62
7,1.63,Rainy,Medium,Night,Bike,24,5.0,38
904,11.87,Clear,Medium,Morning,Bike,10,6.0,43
933,19.7,Rainy,Low,Evening,Car,16,6.0,66
537,17.07,Clear,Medium,Morning,Bike,20,6.0,73
972,18.77,Foggy,Low,Afternoon,Car,15,,71
29,12.05,Clear,Low,Evening,Scooter,29,4.0,61
802,3.47,Snowy,High,Night,Bike,24,9.0,53
995,7.54,Snowy,Low,Afternoon,Bike,20,,55
951,12.21,Clear,High,Morning,Bike,9,4.0,57
132,4.83,Clear,Low,Evening,Bike,11,1.0,29
626,7.69,Rainy,High,Morning,Scooter,16,3.0,58
706,19.8,Clear,High,Evening,Bike,7,3.0,88
727,3.23,Rainy,Low,Morning,Car,25,7.0,42
996,2.29,Rainy,High,Afternoon,Car,8,8.0,80
606,9.49,Rainy,Medium,Morning,Car,23,6.0,53
131,8.64,Snowy,Low,Evening,Bike,29,4.0,62
670,6.06,Foggy,Low,Afternoon,Scooter,10,8.0,41
842,13.44,Clear,Medium,Morning,Car,22,1.0,79
565,7.34,Foggy,Medium,Afternoon,Bike,22,5.0,93
380,6.0,Rainy,Medium,Evening,Scooter,21,2.0,47
955,8.67,Windy,High,Morning,Bike,20,4.0,55
151,18.21,Unknown,Low,Evening,Bike,6,3.0,74
703,7.06,Clear,Low,Afternoon,Scooter,26,5.0,51
89,17.8,Windy,High,Afternoon,Car,12,9.0,73
63,16.66,Snowy,High,Afternoon,Scooter,29,7.0,95
467,6.07,Unknown,Low,Afternoon,Bike,18,4.0,35
120,11.02,Clear,High,Morning,Scooter,22,2.0,70
220,17.06,Clear,Low,Evening,Bike,9,9.0,66
752,18.83,Unknown,Medium,Night,Bike,8,0.0,68
515,1.38,Clear,Medium,Evening,Scooter,5,8.0,13
111,6.15,Foggy,Low,Evening,Scooter,26,5.0,48
20,6.18,Clear,Medium,Evening,Bike,9,9.0,35
78,1.94,Rainy,Medium,Morning,Bike,16,0.0,35
90,9.71,Clear,Low,Morning,Bike,8,1.0,49
859,11.51,Foggy,Low,Afternoon,Car,5,7.0,57
324,5.96,Clear,Low,Afternoon,Bike,26,6.0,48
75,14.28,Windy,High,Afternoon,Scooter,23,5.0,77
503,6.54,Clear,Medium,Night,Bike,10,7.0,39
564,0.78,Clear,Low,Afternoon,Bike,11,0.0,18
272,16.3,Foggy,Low,Morning,Car,12,1.0,100
189,10.83,Clear,Medium,Evening,Scooter,8,9.0,51
754,7.03,Clear,Low,Evening,Scooter,21,1.0,44
517,7.84,Rainy,Low,Morning,Scooter,7,8.0,36
465,19.26,Windy,Medium,Morning,Scooter,21,6.0,67
545,12.55,Windy,Low,Evening,Bike,13,8.0,51
625,12.56,Clear,Low,Morning,Car,22,8.0,49
774,8.25,Windy,Medium,Evening,Car,24,4.0,62
694,5.23,Clear,Medium,Morning,Scooter,19,4.0,37
35,19.33,Clear,Medium,Morning,Bike,7,8.0,73
978,1.5,Clear,Low,Afternoon,Bike,10,1.0,17
303,11.04,Clear,Medium,Afternoon,Scooter,8,2.0,54
969,11.54,Clear,High,Afternoon,Car,10,0.0,56
227,19.47,Clear,Low,Morning,Bike,16,8.0,83
300,2.16,Snowy,Low,Evening,Scooter,15,0.0,36
193,18.06,Clear,Medium,Night,Bike,9,8.0,52
966,7.44,Rainy,Medium,Evening,Bike,6,1.0,39
182,2.71,Clear,Low,Morning,Scooter,6,1.0,20
759,17.93,Clear,Medium,Afternoon,Bike,29,4.0,85
19,8.92,Windy,Unknown,Morning,Bike,25,4.0,62
360,11.72,Rainy,Low,Evening,Bike,11,9.0,42
776,3.42,Clear,Medium,Night,Car,11,9.0,24
10,14.31,Clear,Medium,Morning,Bike,9,8.0,47
649,15.89,Snowy,Medium,Afternoon,Car,15,9.0,91
304,12.93,Rainy,Low,Afternoon,Scooter,25,0.0,61
880,4.83,Rainy,Low,Morning,Car,25,9.0,47
468,17.44,Clear,Low,Evening,Bike,25,9.0,89
365,18.86,Snowy,Medium,Night,Bike,18,1.0,89
910,7.9,Clear,Low,Afternoon,Scooter,22,,48
307,10.57,Snowy,Low,Afternoon,Bike,28,9.0,59
477,1.94,Foggy,Low,Night,Bike,10,1.0,25
117,16.17,Clear,Medium,Evening,Car,10,2.0,116
813,2.93,Clear,Medium,Morning,Bike,24,8.0,94
994,12.01,Clear,Low,Morning,Scooter,26,6.0,57
645,2.84,Clear,Low,Evening,Scooter,24,2.0,35
950,12.15,Clear,High,Morning,Car,12,6.0,63
221,13.32,Windy,Medium,Afternoon,Bike,26,0.0,71
199,17.8,Snowy,Medium,Morning,Bike,16,9.0,73
276,10.28,Clear,Medium,Evening,Scooter,29,3.0,71
165,2.26,Clear,Medium,Morning,Scooter,6,3.0,19
493,5.91,Clear,Medium,Evening,Scooter,29,4.0,57
88,12.93,Clear,Medium,Morning,Scooter,20,8.0,58
672,17.99,Foggy,Low,Morning,Car,11,2.0,84
613,12.74,Rainy,Low,Afternoon,Bike,17,9.0,63
311,9.06,Clear,Medium,Evening,Bike,23,4.0,47
25,9.39,Windy,Medium,Morning,Scooter,21,9.0,50
602,5.93,Clear,Low,Afternoon,Scooter,19,3.0,36
235,4.31,Rainy,Medium,Afternoon,Bike,9,2.0,35
907,16.44,Windy,High,Afternoon,Car,8,0.0,80
788,8.32,Rainy,Low,Afternoon,Car,12,2.0,49
722,4.03,Clear,Medium,Evening,Bike,9,5.0,25
283,7.82,Rainy,Medium,Evening,Bike,16,8.0,45
408,0.71,Foggy,Low,Night,Bike,29,1.0,41
884,2.53,Snowy,Low,Morning,Bike,6,8.0,24
198,17.99,Windy,High,Evening,Bike,5,1.0,73
110,2.0,Clear,High,Evening,Scooter,10,2.0,30
947,3.17,Clear,Medium,Evening,Scooter,17,6.0,33
929,12.85,Rainy,Medium,Evening,Scooter,6,7.0,61
848,19.94,Clear,Low,Afternoon,Bike,26,6.0,83
458,9.64,Rainy,Medium,Evening,Bike,14,6.0,52
57,2.23,Snowy,Medium,Evening,Car,14,0.0,41
149,1.5,Foggy,Medium,Evening,Scooter,15,4.0,32
495,9.54,Rainy,Medium,Evening,Scooter,11,5.0,47
256,11.36,Clear,Medium,Morning,Scooter,8,2.0,52
224,7.67,Windy,Low,Morning,Car,9,2.0,31
642,6.78,Foggy,Low,Night,Bike,18,6.0,42
826,18.44,Rainy,High,Morning,Bike,27,7.0,80
447,19.73,Rainy,Low,Evening,Bike,8,8.0,64
270,6.23,Clear,Medium,Evening,Car,20,1.0,51
419,13.61,Clear,Low,Morning,Bike,26,0.0,66
506,3.67,Clear,Low,Unknown,Bike,9,0.0,26
809,9.29,Clear,Medium,Morning,Bike,17,2.0,49
101,1.11,Clear,High,Morning,Scooter,22,8.0,35
607,4.52,Unknown,Low,Evening,Car,17,0.0,71
943,13.2,Snowy,Low,Morning,Car,14,3.0,62
770,16.51,Clear,Medium,Morning,Bike,7,1.0,79
689,15.51,Rainy,Medium,Morning,Scooter,10,8.0,81
393,7.75,Unknown,Medium,Evening,Scooter,21,1.0,55
937,0.86,Clear,Medium,Afternoon,Car,21,7.0,28
787,11.88,Rainy,High,Afternoon,Car,29,9.0,78
280,16.02,Clear,Low,Evening,Bike,20,7.0,61
179,18.77,Snowy,Medium,Evening,Bike,24,0.0,115
135,18.89,Rainy,Medium,Morning,Scooter,22,1.0,74
800,18.49,Clear,Low,Afternoon,Scooter,14,6.0,71
617,1.69,Windy,Unknown,Afternoon,Car,11,7.0,20
876,3.54,Rainy,Medium,Afternoon,Scooter,17,4.0,41
960,14.89,Snowy,High,Morning,Scooter,17,6.0,87
627,9.52,Clear,Low,Unknown,Bike,12,1.0,49
48,10.64,Clear,Medium,Afternoon,Scooter,14,5.0,45
452,11.39,Rainy,High,Evening,Scooter,14,1.0,72
83,6.95,Clear,Medium,Morning,Scooter,25,2.0,58
983,2.58,Clear,Medium,Morning,Scooter,25,7.0,37
540,3.02,Rainy,Medium,Morning,Bike,23,1.0,46
450,2.13,Rainy,Low,Morning,Scooter,9,2.0,22
711,15.32,Clear,Medium,Morning,Bike,17,6.0,80
313,0.99,Unknown,Medium,Evening,Bike,15,,32
87,14.73,Rainy,Low,Afternoon,Bike,24,6.0,74
632,17.96,Clear,Medium,Unknown,Bike,22,2.0,76
333,0.78,Clear,Medium,Morning,Bike,6,1.0,17
744,10.3,Clear,Low,Morning,Car,12,7.0,41
18,10.73,Rainy,High,Afternoon,Car,27,6.0,83
430,2.78,Unknown,High,Afternoon,Scooter,9,0.0,41
389,15.14,Windy,Medium,Morning,Bike,15,4.0,71
33,1.77,Clear,Medium,Evening,Bike,14,9.0,22
766,11.61,Clear,High,Morning,Car,19,1.0,67
40,9.08,Clear,Low,Afternoon,Scooter,14,5.0,49
514,17.39,Clear,Medium,Evening,Scooter,5,6.0,46
484,12.74,Clear,Low,Night,Scooter,18,0.0,67
327,11.31,Clear,High,Evening,Bike,20,0.0,67
873,13.06,Rainy,High,Morning,Bike,17,8.0,59
54,17.95,Snowy,High,Morning,Scooter,16,,96
418,6.91,Clear,Low,Evening,Bike,27,8.0,91
363,9.44,Rainy,Unknown,Evening,Scooter,28,8.0,63
95,15.53,Clear,Low,Morning,Bike,26,6.0,83
542,12.32,Clear,Medium,Evening,Scooter,17,4.0,71
371,2.47,Windy,Medium,Morning,Bike,27,2.0,44
731,3.7,Clear,Medium,Morning,Bike,28,7.0,45
778,14.58,Clear,Low,Afternoon,Bike,13,,57
780,13.0,Foggy,Low,Evening,Bike,25,7.0,77
71,15.56,Clear,Medium,Evening,Bike,14,3.0,54
260,2.39,Rainy,Medium,Evening,Bike,27,7.0,43
279,14.19,Clear,Medium,Afternoon,Bike,9,1.0,57
388,3.96,Clear,Medium,Afternoon,Bike,23,,44
257,18.76,Clear,Medium,Evening,Car,15,2.0,80
743,15.08,Snowy,Low,Evening,Bike,29,7.0,84
528,5.83,Clear,High,Evening,Car,27,9.0,56
222,11.58,Clear,Medium,Morning,Scooter,16,2.0,61
526,9.64,Clear,Low,Morning,Bike,10,5.0,46
957,10.62,Rainy,Medium,Night,Bike,7,2.0,48
790,18.97,Rainy,High,Night,Bike,20,8.0,108
596,9.74,Rainy,Medium,Evening,Scooter,7,8.0,37
412,19.03,Clear,Low,Morning,Bike,16,5.0,68
748,11.1,Clear,Low,Afternoon,Bike,18,7.0,56
181,7.15,Windy,Low,Morning,Bike,15,3.0,42
1,7.8,Clear,Low,Evening,Scooter,23,5.0,52
127,16.45,Unknown,Medium,Evening,Scooter,25,3.0,87
931,3.22,Rainy,Medium,Night,Bike,14,8.0,34
521,12.09,Clear,Medium,Morning,Car,13,1.0,60
525,16.85,Clear,High,Morning,Car,17,4.0,71
485,11.89,Clear,Medium,Afternoon,Bike,28,0.0,79
714,8.53,Clear,Low,Evening,Scooter,8,2.0,41
648,13.74,Foggy,Medium,Afternoon,Bike,6,1.0,56
676,19.66,Clear,Low,Morning,Car,19,6.0,70
76,14.72,Clear,Unknown,Evening,Scooter,15,8.0,80
294,7.52,Unknown,Medium,Afternoon,Car,17,9.0,44
687,11.65,Windy,Low,Night,Bike,10,3.0,53
178,8.04,Clear,Medium,Evening,Car,27,0.0,65
723,1.8,Clear,Unknown,Night,Bike,14,1.0,28
533,19.93,Snowy,Low,Afternoon,Bike,6,6.0,59
926,0.94,Clear,High,Morning,Bike,9,6.0,21
208,13.44,Clear,Unknown,Evening,Scooter,9,5.0,55
274,18.31,Clear,Medium,Afternoon,Bike,25,3.0,79
796,17.51,Clear,Medium,Evening,Bike,15,3.0,60
166,16.79,Foggy,High,Afternoon,Bike,24,6.0,85
255,3.81,Rainy,High,Afternoon,Bike,5,6.0,31
998,3.17,Clear,Low,Afternoon,Bike,17,1.0,28
232,10.3,Clear,Low,Evening,Scooter,19,8.0,48
32,3.83,Rainy,Medium,Afternoon,Bike,12,9.0,30
935,3.85,Rainy,Medium,Afternoon,Bike,26,3.0,46
707,6.79,Rainy,Low,Evening,Scooter,16,1.0,39
891,14.58,Clear,Low,Evening,Bike,23,0.0,70
335,1.4,Windy,Low,Evening,Bike,9,9.0,17
441,2.15,Windy,Medium,Afternoon,Car,17,6.0,30
695,2.74,Clear,High,Afternoon,Bike,18,9.0,37
316,14.07,Rainy,Low,Evening,Bike,10,5.0,63
340,2.41,Unknown,Medium,Evening,Bike,15,9.0,25
397,17.24,Clear,Low,Evening,Bike,17,5.0,69
125,4.94,Rainy,High,Evening,Scooter,28,4.0,63
646,17.87,Snowy,Low,Morning,Scooter,29,4.0,87
956,7.97,Windy,Medium,Evening,Scooter,9,8.0,35
98,8.84,Clear,Unknown,Morning,Bike,26,0.0,57
673,2.06,Foggy,Medium,Evening,Scooter,22,4.0,40
26,15.81,Clear,Low,Unknown,Car,25,1.0,92
143,10.2,Rainy,Medium,Afternoon,Bike,18,9.0,56
312,2.03,Foggy,High,Evening,Car,14,4.0,36
985,14.7,Clear,Medium,Evening,Scooter,24,5.0,75
804,12.33,Clear,High,Night,Bike,7,2.0,101
590,3.46,Snowy,Medium,Morning,Scooter,23,3.0,48
889,2.44,Snowy,High,Evening,Bike,13,9.0,39
372,0.86,Clear,High,Afternoon,Bike,26,5.0,37
850,12.11,Rainy,Low,Morning,Bike,9,5.0,59
262,19.81,Snowy,Medium,Afternoon,Car,20,5.0,104
988,8.98,Clear,Medium,Afternoon,Scooter,22,8.0,105
273,17.41,Snowy,Medium,Evening,Bike,20,4.0,80
922,10.0,Clear,Medium,Afternoon,Scooter,6,9.0,47
223,2.33,Unknown,Low,Morning,Car,6,1.0,17
470,19.28,Snowy,Medium,Morning,Car,21,3.0,101
373,2.34,Foggy,Medium,Morning,Bike,8,2.0,28
518,16.31,Foggy,Medium,Afternoon,Car,14,7.0,71
422,15.9,Rainy,Low,Evening,Car,19,5.0,78
576,19.02,Clear,Medium,Afternoon,Bike,29,9.0,87
234,10.1,Clear,High,Morning,Car,17,6.0,55
855,4.5,Windy,Low,Evening,Scooter,20,6.0,32
443,7.8,Rainy,Medium,Morning,Bike,11,7.0,49
669,4.14,Clear,Medium,Morning,Scooter,14,2.0,30
362,13.04,Clear,Medium,Morning,Scooter,20,6.0,65
657,6.03,Rainy,High,Afternoon,Car,8,6.0,46
917,6.24,Unknown,Medium,Evening,Bike,15,3.0,52
567,8.15,Rainy,Low,Afternoon,Bike,26,2.0,50
814,18.46,Clear,Unknown,Unknown,Scooter,29,1.0,153
544,13.6,Clear,Medium,Afternoon,Bike,27,0.0,87
150,5.93,Foggy,High,Unknown,Scooter,27,1.0,106
64,7.46,Clear,Medium,Evening,Bike,8,5.0,42
755,3.22,Windy,High,Morning,Car,7,7.0,27
15,4.05,Snowy,Medium,Evening,Scooter,19,2.0,50
62,5.79,Windy,Medium,Morning,Bike,26,6.0,49
361,8.07,Windy,Low,Evening,Bike,21,4.0,48
476,19.86,Rainy,High,Evening,Bike,12,8.0,71
838,7.57,Clear,Low,Morning,Bike,21,0.0,56
629,1.22,Clear,Medium,Evening,Scooter,6,,14
916,9.0,Snowy,Medium,Afternoon,Car,29,3.0,78
570,7.29,Clear,High,Evening,Car,11,7.0,48
953,3.92,Rainy,Medium,Night,Bike,20,9.0,41
81,17.33,Snowy,Low,Evening,Scooter,12,3.0,79
569,18.13,Rainy,High,Evening,Bike,21,2.0,88
999,19.03,Clear,Low,Afternoon,Car,26,5.0,68
779,14.54,Clear,Medium,Evening,Bike,29,2.0,73
359,18.83,Clear,Medium,Evening,Scooter,5,8.0,69
901,4.55,Rainy,Low,Afternoon,Bike,5,6.0,21
474,17.88,Clear,Medium,Evening,Bike,29,3.0,98
94,11.44,Rainy,Medium,Evening,Car,20,2.0,57
777,4.97,Rainy,Low,Evening,Bike,17,9.0,34
121,16.25,Foggy,High,Morning,Bike,10,5.0,91
65,5.98,Clear,Low,Evening,Car,22,9.0,35
902,1.02,Clear,Medium,Afternoon,Bike,25,4.0,34
925,8.79,Snowy,Low,Night,Bike,14,6.0,43
871,7.78,Foggy,High,Afternoon,Bike,25,3.0,74
171,13.71,Rainy,Medium,Evening,Bike,22,9.0,64
68,16.14,Clear,Low,Night,Car,6,9.0,65
764,15.01,Clear,Medium,Morning,Bike,15,6.0,64
31,12.35,Clear,Low,Morning,Scooter,10,6.0,35
488,5.98,Rainy,High,Morning,Bike,21,2.0,60
381,2.8,Clear,High,Afternoon,Bike,28,1.0,50
918,18.99,Rainy,High,Afternoon,Bike,10,6.0,70
621,4.1,Clear,Medium,Evening,Car,18,3.0,38
402,18.1,Clear,Low,Morning,Scooter,8,5.0,77
870,18.95,Snowy,Low,Morning,Car,27,0.0,92
587,1.98,Rainy,Low,Afternoon,Bike,22,0.0,39
899,0.75,Clear,Medium,Afternoon,Bike,10,5.0,16
498,2.02,Clear,High,Evening,Bike,28,5.0,44
968,6.29,Unknown,Medium,Morning,Scooter,10,7.0,27
211,11.2,Clear,Medium,Morning,Bike,23,,73
377,16.98,Clear,Low,Unknown,Bike,11,6.0,78
28,10.53,Foggy,High,Evening,Bike,25,8.0,72
479,19.4,Snowy,Unknown,Afternoon,Scooter,23,9.0,92
852,15.12,Foggy,Low,Morning,Bike,14,1.0,58
757,12.59,Windy,Medium,Morning,Bike,13,9.0,62
100,2.6,Clear,Low,Afternoon,Bike,16,1.0,29
186,13.37,Windy,High,Afternoon,Scooter,17,8.0,63
164,10.95,Snowy,Unknown,Afternoon,Bike,9,1.0,65
680,17.38,Rainy,Medium,Afternoon,Scooter,11,2.0,92
578,18.57,Rainy,Medium,Afternoon,Bike,16,7.0,89
674,10.73,Foggy,Low,Morning,Bike,6,6.0,35
207,2.48,Rainy,Low,Evening,Scooter,20,8.0,30
554,11.44,Foggy,High,Afternoon,Car,14,4.0,74
244,7.72,Foggy,High,Evening,Bike,19,4.0,64
577,3.37,Clear,High,Morning,Bike,9,,28
263,3.23,Clear,High,Afternoon,Bike,17,9.0,33
747,7.99,Clear,Medium,Evening,Bike,18,4.0,42
638,5.23,Clear,Medium,Morning,Scooter,23,2.0,47
872,5.78,Clear,High,Morning,Bike,11,5.0,38
268,14.2,Clear,Medium,Afternoon,Bike,17,1.0,73
317,8.47,Rainy,Low,Afternoon,Scooter,19,0.0,48
440,2.09,Rainy,Low,Night,Bike,23,2.0,36
497,11.88,Rainy,Medium,Evening,Bike,20,8.0,69
792,11.93,Snowy,High,Morning,Car,7,1.0,75
914,8.48,Clear,High,Night,Bike,11,5.0,39
496,7.39,Rainy,Medium,Morning,Scooter,25,6.0,60
73,0.61,Clear,Low,Afternoon,Scooter,10,0.0,16
296,10.68,Clear,Low,Morning,Bike,14,1.0,42
169,1.3,Clear,Medium,Evening,Bike,22,4.0,31
460,2.82,Rainy,Medium,Evening,Scooter,10,1.0,29
696,12.41,Clear,Medium,Morning,Car,10,1.0,51
185,5.53,Clear,Medium,Afternoon,Bike,19,1.0,44
343,3.88,Foggy,Low,Evening,Car,27,9.0,42
315,16.8,Unknown,High,Morning,Car,19,4.0,85
338,14.22,Rainy,Unknown,Evening,Car,25,8.0,84
756,15.98,Foggy,Low,Morning,Car,21,6.0,90
844,19.24,Rainy,High,Afternoon,Bike,9,7.0,75
252,8.01,Clear,High,Morning,Bike,8,6.0,48
697,6.13,Clear,Medium,Night,Scooter,22,0.0,48
709,5.47,Rainy,Low,Morning,Car,21,6.0,38
847,2.16,Clear,Medium,Night,Car,10,1.0,23
923,17.94,Rainy,High,Evening,Scooter,22,6.0,85
712,12.11,Clear,Medium,Evening,Bike,28,0.0,75
882,13.6,Foggy,High,Evening,Bike,9,7.0,61
421,15.94,Clear,Low,Evening,Bike,24,2.0,77
702,1.51,Clear,High,Evening,Bike,26,1.0,44
157,13.61,Clear,Low,Unknown,Scooter,12,2.0,43
444,7.73,Clear,High,Night,Bike,29,5.0,58
666,3.48,Foggy,Low,Afternoon,Scooter,9,1.0,31
532,19.99,Rainy,High,Evening,Bike,17,1.0,112
806,14.86,Unknown,High,Night,Scooter,15,4.0,91
610,13.96,Rainy,Low,Night,Bike,5,1.0,42
945,4.53,Snowy,Medium,Morning,Scooter,18,4.0,49
781,14.03,Clear,Low,Afternoon,Bike,17,2.0,65
749,18.18,Snowy,High,Unknown,Bike,17,3.0,85
364,11.14,Rainy,Medium,Morning,Scooter,7,3.0,47
581,9.45,Clear,Low,Afternoon,Car,13,0.0,49
735,7.5,Clear,High,Morning,Bike,29,1.0,66
771,2.66,Clear,Low,Afternoon,Bike,16,8.0,21
301,1.51,Clear,High,Afternoon,Bike,14,2.0,32
264,10.61,Clear,Medium,Morning,Bike,17,0.0,59
762,6.58,Foggy,Low,Evening,Car,6,7.0,27
609,10.32,Clear,Medium,Night,Car,24,5.0,49
320,5.38,Clear,Medium,Evening,Scooter,26,1.0,47
883,0.88,Rainy,Low,Night,Car,27,2.0,37
67,3.25,Clear,Low,Morning,Bike,23,7.0,32
839,11.82,Windy,Medium,Night,Bike,24,7.0,77
634,10.88,Snowy,Low,Afternoon,Car,13,3.0,52
41,2.88,Rainy,Unknown,Morning,Car,16,4.0,41
155,19.72,Rainy,Low,Afternoon,Bike,27,6.0,109
428,17.81,Windy,High,Evening,Bike,21,4.0,122
392,8.55,Clear,Low,Evening,Scooter,28,8.0,46
431,3.29,Clear,Medium,Afternoon,Scooter,17,4.0,32
635,2.59,Windy,Medium,Unknown,Bike,13,5.0,28
990,16.47,Snowy,High,Evening,Scooter,20,9.0,75
628,15.08,Rainy,Medium,Evening,Scooter,26,1.0,94
765,1.15,Clear,Low,Afternoon,Scooter,26,4.0,30
507,18.26,Rainy,High,Night,Scooter,28,7.0,93
636,9.22,Clear,Medium,Afternoon,Car,18,9.0,57
726,16.92,Clear,Low,Night,Bike,23,5.0,78
511,12.46,Foggy,Low,Afternoon,Bike,10,1.0,62
423,2.28,Clear,Medium,Evening,Scooter,27,9.0,39
816,10.62,Windy,Medium,Afternoon,Car,22,5.0,54
913,12.67,Windy,Medium,Morning,Scooter,7,3.0,43
663,12.31,Windy,Low,Morning,Bike,29,4.0,68
247,8.85,Clear,Low,Afternoon,Bike,11,9.0,45
329,8.68,Rainy,Medium,Morning,Bike,8,5.0,52
760,15.88,Rainy,Low,Evening,Car,17,1.0,68
959,3.74,Rainy,Low,Morning,Bike,19,6.0,36
830,9.32,Clear,Low,Morning,Scooter,6,5.0,30
730,3.69,Rainy,Medium,Afternoon,Bike,8,8.0,27
50,4.1,Clear,Low,Morning,Bike,21,3.0,37
989,5.3,Clear,Medium,Afternoon,Scooter,29,3.0,47
265,17.61,Clear,Medium,Evening,Scooter,21,9.0,79
647,12.08,Clear,High,Afternoon,Scooter,16,4.0,60
946,0.71,Rainy,Low,Morning,Car,25,8.0,31
942,11.31,Clear,Medium,Evening,Bike,7,0.0,54
801,14.29,Windy,Medium,Morning,Bike,14,7.0,78
459,1.6,Clear,Medium,Evening,Bike,14,8.0,24
618,5.9,Rainy,Low,Evening,Car,26,9.0,44
152,5.17,Foggy,Low,Morning,Bike,29,0.0,56
345,8.27,Unknown,High,Afternoon,Scooter,13,5.0,58
671,3.88,Clear,Medium,Morning,Bike,16,2.0,35
326,14.89,Clear,High,Evening,Car,22,9.0,88
877,14.46,Rainy,Medium,Morning,Scooter,11,9.0,68
413,19.04,Clear,Medium,Morning,Scooter,27,2.0,85
920,3.23,Clear,Low,Unknown,Bike,7,7.0,14
206,0.68,Snowy,High,Evening,Bike,29,8.0,50
218,15.06,Rainy,Low,Morning,Bike,22,4.0,65
944,16.68,Unknown,Medium,Afternoon,Bike,9,9.0,63
163,12.85,Clear,Low,Afternoon,Scooter,5,,54
997,18.39,Windy,Low,Afternoon,Bike,24,6.0,74
141,19.27,Foggy,High,Afternoon,Bike,14,6.0,92
668,3.63,Windy,Medium,Morning,Car,22,9.0,39
396,18.65,Foggy,Low,Night,Car,19,2.0,68
825,10.98,Rainy,Low,Morning,Scooter,10,6.0,55
797,18.68,Snowy,Low,Afternoon,Bike,11,8.0,62
741,9.52,Foggy,Low,Night,Scooter,28,1.0,59
600,1.3,Foggy,Low,Evening,Bike,19,5.0,29
318,3.88,Snowy,Low,Morning,Bike,9,6.0,33
851,1.81,Clear,Medium,Afternoon,Car,23,3.0,34
499,19.5,Clear,High,Morning,Bike,18,2.0,73
236,14.59,Clear,Medium,Morning,Bike,15,6.0,64
146,1.22,Foggy,High,Afternoon,Scooter,14,2.0,38
177,13.97,Snowy,Low,Evening,Scooter,14,8.0,52
938,18.33,Foggy,Medium,Morning,Scooter,19,0.0,98
900,2.17,Snowy,Low,Evening,Car,15,3.0,35
865,8.31,Windy,Medium,Morning,Bike,6,5.0,44
915,11.26,Clear,Low,Night,Bike,5,6.0,49
833,3.25,Rainy,Unknown,Evening,Scooter,29,0.0,51
184,17.61,Windy,Low,Morning,Bike,5,8.0,61
379,16.38,Clear,Medium,Morning,Bike,6,2.0,51
82,12.65,Clear,Low,Evening,Bike,15,4.0,66
881,5.01,Rainy,Low,Afternoon,Bike,10,5.0,31
278,13.17,Windy,Medium,Afternoon,Bike,16,4.0,67
704,3.12,Rainy,Low,Evening,Scooter,14,5.0,28
267,14.09,Clear,Medium,Afternoon,Scooter,12,3.0,55
491,9.39,Clear,Low,Morning,Bike,14,2.0,37
905,8.72,Snowy,Medium,Evening,Car,18,7.0,64
115,12.85,Rainy,Medium,Morning,Scooter,14,8.0,73
22,3.22,Clear,Medium,Afternoon,Bike,19,9.0,32
651,2.19,Clear,Low,Evening,Bike,26,3.0,32
330,5.33,Clear,Low,Evening,Car,29,1.0,51
475,10.79,Clear,Medium,Evening,Scooter,24,1.0,65
245,0.8,Snowy,High,Evening,Bike,14,9.0,36
832,9.32,Rainy,Medium,Evening,Scooter,24,2.0,71
681,16.43,Clear,Low,Evening,Bike,13,5.0,56
879,1.03,Clear,Medium,Afternoon,Bike,19,4.0,29
769,7.17,Clear,Medium,Morning,Scooter,7,9.0,29
962,12.26,Clear,Low,Afternoon,Bike,20,2.0,66
961,2.11,Clear,Low,Afternoon,Scooter,28,5.0,34
831,4.88,Windy,Medium,Afternoon,Scooter,26,7.0,48
603,3.95,Clear,Medium,Morning,Car,28,5.0,47
353,13.34,Clear,Medium,Night,Bike,20,6.0,53
357,1.02,Windy,High,Evening,Bike,6,8.0,21
39,13.84,Clear,Low,Morning,Scooter,18,,64
354,3.68,Unknown,High,Afternoon,Car,16,6.0,47
656,2.99,Windy,Medium,Morning,Bike,27,5.0,41
174,4.92,Clear,High,Morning,Scooter,12,0.0,41
114,16.26,Rainy,High,Morning,Bike,16,6.0,70
927,5.74,Rainy,High,Evening,Bike,13,9.0,46
344,8.96,Snowy,Unknown,Morning,Car,6,5.0,51
679,19.4,Clear,Low,Evening,Scooter,8,9.0,57
592,13.0,Windy,High,Morning,Bike,22,8.0,65
677,2.68,Clear,Low,Morning,Bike,16,8.0,25
958,1.42,Clear,High,Afternoon,Scooter,24,2.0,40
439,14.27,Clear,Medium,Night,Car,24,3.0,77
909,5.56,Clear,Low,Afternoon,Scooter,19,5.0,31
558,1.06,Unknown,Low,Afternoon,Scooter,19,6.0,21
785,4.04,Rainy,High,Evening,Bike,14,6.0,39
501,14.11,Rainy,High,Morning,Scooter,24,3.0,93
786,18.21,Foggy,Low,Morning,Bike,5,1.0,70
162,12.83,Clear,Medium,Morning,Bike,19,2.0,76
605,2.85,Clear,Low,Morning,Scooter,26,0.0,38
248,19.35,Clear,High,Unknown,Bike,12,7.0,75
817,12.03,Clear,Medium,Unknown,Car,20,5.0,65
123,6.7,Foggy,High,Morning,Scooter,23,3.0,59
442,19.74,Clear,Unknown,Afternoon,Car,16,1.0,98
61,8.08,Foggy,Low,Morning,Bike,25,2.0,61
934,10.75,Rainy,Medium,Morning,Bike,8,6.0,60
597,13.52,Clear,Low,Morning,Scooter,27,1.0,82
930,5.53,Clear,Low,Morning,Car,10,8.0,27
38,2.4,Snowy,Low,Night,Scooter,27,5.0,42
582,19.61,Clear,High,Evening,Bike,8,6.0,72
623,7.72,Rainy,Medium,Morning,Bike,11,,36
896,4.5,Snowy,High,Evening,Bike,24,0.0,66
936,5.81,Foggy,Low,Afternoon,Bike,25,8.0,51
768,17.6,Clear,Low,Afternoon,Bike,27,3.0,69
112,3.64,Clear,Low,Morning,Scooter,16,3.0,26
599,4.25,Clear,Low,Afternoon,Bike,5,4.0,22
168,4.14,Rainy,Low,Morning,Bike,23,2.0,41
352,17.2,Rainy,High,Afternoon,Scooter,14,2.0,94
156,5.22,Snowy,Low,Evening,Bike,11,9.0,40
331,7.44,Rainy,Low,Evening,Bike,27,,53
214,4.87,Snowy,High,Evening,Bike,16,7.0,54
261,12.49,Clear,Medium,Morning,Bike,25,4.0,77
159,5.13,Foggy,Medium,Evening,Car,25,1.0,60
446,18.97,Clear,Low,Evening,Car,25,4.0,141
398,8.87,Clear,Low,Evening,Bike,19,3.0,55
213,13.21,Clear,Unknown,Morning,Scooter,12,4.0,63
367,19.24,Snowy,Low,Unknown,Bike,26,1.0,114
60,6.84,Rainy,Medium,Night,Car,14,8.0,47
924,16.1,Clear,Low,Morning,Car,16,6.0,61
624,9.95,Windy,High,Evening,Scooter,21,5.0,72
461,2.79,Clear,High,Morning,Bike,23,7.0,38
406,17.96,Clear,Unknown,Evening,Scooter,26,0.0,74
445,16.35,Foggy,Medium,Night,Bike,16,6.0,67
919,15.39,Clear,Medium,Evening,Scooter,24,5.0,89
284,2.33,Clear,Low,Evening,Bike,9,2.0,18
589,3.0,Clear,Low,Morning,Scooter,29,1.0,43
708,16.29,Clear,Low,Morning,Bike,20,1.0,72
322,14.43,Clear,Medium,Morning,Car,14,4.0,113
145,6.05,Clear,Medium,Morning,Car,24,0.0,48
897,6.22,Rainy,Medium,Morning,Bike,15,0.0,49
818,8.28,Snowy,Low,Evening,Car,29,7.0,58
738,16.42,Clear,Medium,Evening,Bike,20,2.0,84
639,5.75,Windy,High,Morning,Scooter,7,4.0,37
480,10.7,Clear,Medium,Afternoon,Scooter,8,5.0,44
254,6.68,Clear,High,Morning,Scooter,10,5.0,44
473,1.34,Foggy,High,Evening,Bike,9,5.0,30
295,2.98,Foggy,Unknown,Night,Bike,11,2.0,27
109,4.96,Rainy,Low,Afternoon,Car,10,7.0,28
878,13.35,Rainy,Low,Evening,Scooter,14,4.0,91
664,5.13,Clear,Medium,Morning,Car,16,1.0,38
119,17.9,Clear,Low,Morning,Bike,23,,85
490,17.86,Clear,Low,Afternoon,Scooter,16,8.0,83
391,19.81,Clear,Low,Afternoon,Bike,27,1.0,74
448,15.19,Foggy,Low,Evening,Scooter,6,4.0,53
314,19.27,Foggy,Medium,Morning,Car,29,9.0,85
527,8.59,Clear,Low,Night,Scooter,17,8.0,36
269,7.51,Rainy,Low,Evening,Car,27,6.0,50
36,16.26,Rainy,Low,Morning,Car,27,5.0,66
508,16.54,Rainy,Medium,Afternoon,Bike,25,7.0,77
547,2.71,Foggy,Low,Morning,Bike,6,0.0,28
906,17.91,Clear,Low,Afternoon,Bike,6,7.0,68
144,6.37,Rainy,Low,Afternoon,Car,29,4.0,56
705,1.74,Clear,Medium,Night,Bike,23,2.0,34
912,5.73,Foggy,Low,Morning,Scooter,7,2.0,30
469,4.86,Foggy,Medium,Evening,Car,25,4.0,52
394,15.64,Rainy,Low,Unknown,Bike,20,4.0,141
17,6.43,Clear,Low,Evening,Car,9,7.0,26
